{
    "cars" : [
        {
            "id" : 1,
            "name" : "Rolls Royce(capital ‘R’)",
            "model" : "Luxury",
            "color" : "red",
            "thembnail" : "assets/cars/1-1/thembe.jpg",
            "gallary" : [
                "assets/cars/1-1/1.jpg",
                "assets/cars/1-1/2.jpg",
                "assets/cars/1-1/3.jpg",
                "assets/cars/1-1/4.jpg"
            ],
            "location" : {
                "lat" : 53.2630493,
                "lng" : -4.5293603
            },
            "price" : "200,000",
            "unit" : "£",
            "amount" : 450,
            "comment" : "This it example cars. it will be car detail data on dummy. ok great!!"
        },
        {
            "id" : 2,
            "name" : "Bentley",
            "model" : "Luxury",
            "color" : "black",
            "thembnail" : "assets/cars/1-2/thembe.jpg",
            "gallary" : [
                "assets/cars/1-2/1.jpg",
                "assets/cars/1-2/2.jpg",
                "assets/cars/1-2/3.jpg",
                "assets/cars/1-2/4.jpg"
            ],
            "location" : {
                "lat" : 53.220978,
                "lng" : -4.5294145
            },
            "price" : "90,000",
            "unit" : "£",
            "amount" : 16,
            "comment" : "This it example cars. it will be car detail data on dummy. ok great!!"
        },
        {
            "id" : 3,
            "name" : "Bentley",
            "model" : "Luxury",
            "color" : "red",
            "thembnail" : "assets/cars/1-3/thembe.jpg",
            "gallary" : [
                "assets/cars/1-3/1.jpg",
                "assets/cars/1-3/2.jpg",
                "assets/cars/1-3/3.jpg",
                "assets/cars/1-3/4.jpg"
            ],
            "location" : {
                "lat" : 53.220978,
                "lng" : -4.5294145
            },
            "price" : "90,000",
            "unit" : "£",
            "amount" : 45,
            "comment" : "This it example cars. it will be car detail data on dummy. ok great!!"
        },
        {
            "id" : 4,
            "name" : "BMW 7 series",
            "model" : "Luxury",
            "color" : "dark blue",
            "thembnail" : "assets/cars/1-4/thembe.jpg",
            "gallary" : [
                "assets/cars/1-4/1.jpg",
                "assets/cars/1-4/2.jpg",
                "assets/cars/1-4/3.jpg",
                "assets/cars/1-4/4.jpg"
            ],
            "location" : {
                "lat" : 51.292567,
                "lng" : -0.8025187
            },
            "price" : "70,000",
            "unit" : "£",
            "amount" : 8,
            "comment" : "This it example cars. it will be car detail data on dummy. ok great!!"
        },
        {
            "id" : 5,
            "name" : "Aston Martin",
            "model" : "Luxury",
            "color" : "black",
            "thembnail" : "assets/cars/1-5/thembe.jpg",
            "gallary" : [
                "assets/cars/1-5/1.jpg",
                "assets/cars/1-5/2.jpg",
                "assets/cars/1-5/3.jpg",
                "assets/cars/1-5/4.jpg"
            ],
            "location" : {
                "lat" : 52.1479473,
                "lng" : 0.0198292
            },
            "price" : "120,000",
            "unit" : "£",
            "amount" : 28,
            "comment" : "This it example cars. it will be car detail data on dummy. ok great!!"
        },
        {
            "id" : 6,
            "name" : "Lamborghini Veneno",
            "model" : "Super cars",
            "color" : "white",
            "thembnail" : "assets/cars/2-1/thembe.jpg",
            "gallary" : [
                "assets/cars/2-1/1.jpg",
                "assets/cars/2-1/2.jpg",
                "assets/cars/2-1/3.jpg",
                "assets/cars/2-1/4.jpg"
            ],
            "location" : {
                "lat" : 52.1466093,
                "lng" : -0.4916217
            },
            "price" : "120,000",
            "unit" : "£",
            "amount" : 20,
            "comment" : "This it example cars. it will be car detail data on dummy. ok great!!"
        },
        {
            "id" : 7,
            "name" : "Ferrari",
            "model" : "Super cars",
            "color" : "white",
            "thembnail" : "assets/cars/2-2/thembe.jpg",
            "gallary" : [
                "assets/cars/2-2/1.jpg",
                "assets/cars/2-2/2.jpg",
                "assets/cars/2-2/3.jpg",
                "assets/cars/2-2/4.jpg",
                "assets/cars/2-2/5.jpg",
                "assets/cars/2-2/6.jpg"
            ],
            "location" : {
                "lat" : 52.541707, 
                "lng" : -1.476346
            },
            "price" : "200,000",
            "unit" : "£",
            "amount" : 150,
            "comment" : "This it example cars. it will be car detail data on dummy. ok great!!"
        },
        {
            "id" : 8,
            "name" : "McLaren",
            "model" : "Super cars",
            "color" : "dark-gray",
            "thembnail" : "assets/cars/2-3/thembe.jpg",
            "gallary" : [
                "assets/cars/2-3/1.jpg",
                "assets/cars/2-3/2.jpg",
                "assets/cars/2-3/3.jpg",
                "assets/cars/2-3/4.jpg",
                "assets/cars/2-3/5.jpg"
            ],
            "location" : {
                "lat" : 53.522317, 
                "lng" : -2.212376
            },
            "price" : "200,000",
            "unit" : "£",
            "amount" : 40,
            "comment" : "This it example cars. it will be car detail data on dummy. ok great!!"
        },
        {
            "id" : 9,
            "name" : "Nissan GTR",
            "model" : "Super cars",
            "color" : "white",
            "thembnail" : "assets/cars/2-4/thembe.jpg",
            "gallary" : [
                "assets/cars/2-4/1.jpg",
                "assets/cars/2-4/2.jpg",
                "assets/cars/2-4/3.jpg",
                "assets/cars/2-4/4.jpg"
            ],
            "location" : {
                "lat" : 53.5754483,
                "lng" : -4.0032554
            },
            "price" : "80,000",
            "unit" : "£",
            "amount" : 2000,
            "comment" : "This it example cars. it will be car detail data on dummy. ok great!!"
        },
        {
            "id" : 10,
            "name" : "BMW X5",
            "model" : "4X4 cars",
            "color" : "black",
            "thembnail" : "assets/cars/3-1/thembe.jpg",
            "gallary" : [
                "assets/cars/3-1/1.jpg",
                "assets/cars/3-1/2.jpg",
                "assets/cars/3-1/3.jpg",
                "assets/cars/3-1/4.jpg",
                "assets/cars/3-1/5.jpg",
                "assets/cars/3-1/6.jpg"
            ],
            "location" : {
                "lat" : 56.417818,
                "lng" : -5.7038816
            },
            "price" : "65,000",
            "unit" : "£",
            "amount" : 32,
            "comment" : "This it example cars. it will be car detail data on dummy. ok great!!"
        },
        {
            "id" : 11,
            "name" : "Range Rover",
            "model" : "4X4 cars",
            "color" : "dark-blue",
            "thembnail" : "assets/cars/3-2/thembe.jpg",
            "gallary" : [
                "assets/cars/3-2/1.jpg",
                "assets/cars/3-2/2.jpg",
                "assets/cars/3-2/3.jpg",
                "assets/cars/3-2/4.jpg"
            ],
            "location" : {
                "lat" : 52.0284635,
                "lng" : -5.4527827
            },
            "price" : "70,000",
            "unit" : "£",
            "amount" : 1000,
            "comment" : "This it example cars. it will be car detail data on dummy. ok great!!"
        },
        {
            "id" : 12,
            "name" : "Mercedes G Wagon",
            "model" : "4X4 cars",
            "color" : "black",
            "thembnail" : "assets/cars/3-3/thembe.jpg",
            "gallary" : [
                "assets/cars/3-3/1.jpg",
                "assets/cars/3-3/2.jpg",
                "assets/cars/3-3/3.jpg",
                "assets/cars/3-3/4.jpg"
            ],
            "location" : {
                "lat" : 51.9858921,
                "lng" : -5.4528385
            },
            "price" : "125,000",
            "unit" : "£",
            "amount" : 300,
            "comment" : "This it example cars. it will be car detail data on dummy. ok great!!"
        },
        {
            "id" : 13,
            "name" : "Audi Q7",
            "model" : "4X4 cars",
            "color" : "white",
            "thembnail" : "assets/cars/3-4/thembe.jpg",
            "gallary" : [
                "assets/cars/3-4/1.jpg",
                "assets/cars/3-4/2.jpg",
                "assets/cars/3-4/3.jpg",
                "assets/cars/3-4/4.jpg"
            ],
            "location" : {
                "lat" : 51.9433048,
                "lng" : -5.4528943
            },
            "price" : "65,000",
            "unit" : "£",
            "amount" : 76,
            "comment" : "This it example cars. it will be car detail data on dummy. ok great!!"
        },
        {
            "id" : 14,
            "name" : "Jaguar x type",
            "model" : "Saloon cars",
            "color" : "white",
            "thembnail" : "assets/cars/4-1/thembe.jpg",
            "gallary" : [
                "assets/cars/4-1/1.jpg",
                "assets/cars/4-1/2.jpg",
                "assets/cars/4-1/3.jpg",
                "assets/cars/4-1/4.jpg"
            ],
            "location" : {
                "lat" : 53.7011308,
                "lng" : -4.0030942
            },
            "price" : "65,000",
            "unit" : "£",
            "amount" : 55,
            "comment" : "This it example cars. it will be car detail data on dummy. ok great!!"
        },
        {
            "id" : 15,
            "name" : "Audi A7",
            "model" : "Saloon cars",
            "color" : "gold",
            "thembnail" : "assets/cars/4-2/thembe.jpg",
            "gallary" : [
                "assets/cars/4-2/1.jpg",
                "assets/cars/4-2/2.jpg",
                "assets/cars/4-2/3.jpg",
                "assets/cars/4-2/4.jpg"
            ],
            "location" : {
                "lat" : 53.2836451,
                "lng" : -3.7373837
            },
            "price" : "40,000",
            "unit" : "£",
            "amount" : 40,
            "comment" : "This it example cars. it will be car detail data on dummy. ok great!!"
        },
        {
            "id" : 16,
            "name" : "BMW 5 series",
            "model" : "Saloon cars",
            "color" : "gold",
            "thembnail" : "assets/cars/4-3/thembe.jpg",
            "gallary" : [
                "assets/cars/4-3/1.jpg",
                "assets/cars/4-3/2.jpg",
                "assets/cars/4-3/3.jpg",
                "assets/cars/4-3/4.jpg"
            ],
            "location" : {
                "lat" : 53.3605087,
                "lng" : -4.4718259
            },
            "price" : "50,000",
            "unit" : "£",
            "amount" : 26,
            "comment" : "This it example cars. it will be car detail data on dummy. ok great!!"
        },
        {
            "id" : 17,
            "name" : "Mercedes convertible",
            "model" : "Saloon cars",
            "color" : "white",
            "thembnail" : "assets/cars/4-4/thembe.jpg",
            "gallary" : [
                "assets/cars/4-4/1.jpg",
                "assets/cars/4-4/2.jpg",
                "assets/cars/4-4/3.jpg",
                "assets/cars/4-4/4.jpg"
            ],
            "location" : {
                "lat" : 51.7941564,
                "lng" : -0.065165
            },
            "price" : "50,000",
            "unit" : "£",
            "amount" : 38,
            "comment" : "This it example cars. it will be car detail data on dummy. ok great!!"
        }
    ],
    "models" : [
        {
            "id" : 1,
            "name" : "Luxury"
        },
        {
            "id" : 2,
            "name" : "Super cars"
        },
        {
            "id" : 3,
            "name" : "4X4 cars"
        },
        {
            "id" : 4,
            "name" : "Saloon cars"
        }
    ]    
}