{
    "cars" : [
        {
            "id" : 1,
            "name" : "rolls Royce",
            "model" : "Luxury",
            "color" : "red",
            "thembnail" : "assets/cars/1-1/thembe.jpg",
            "gallary" : [
                "assets/cars/1-1/1.jpg",
                "assets/cars/1-1/2.jpg",
                "assets/cars/1-1/3.jpg",
                "assets/cars/1-1/4.jpg"
            ],
            "location" : {
                "lat" : 56.89,
                "lng" : 98.09
            },
            "price" : 5478,
            "unit" : "USD",
            "amount" : 45,
            "comment" : "This it example cars. it will be car detail data on dummy. ok great!!"
        },
        {
            "id" : 2,
            "name" : "Bentley",
            "model" : "Luxury",
            "color" : "black",
            "thembnail" : "assets/cars/1-2/thembe.jpg",
            "gallary" : [
                "assets/cars/1-2/1.jpg",
                "assets/cars/1-2/2.jpg",
                "assets/cars/1-2/3.jpg",
                "assets/cars/1-2/4.jpg"
            ],
            "location" : {
                "lat" : 78.89,
                "lng" : 58.09
            },
            "price" : 8900,
            "unit" : "USD",
            "amount" : 16,
            "comment" : "This it example cars. it will be car detail data on dummy. ok great!!"
        },
        {
            "id" : 3,
            "name" : "Mercedes Maybach",
            "model" : "Luxury",
            "color" : "red",
            "thembnail" : "assets/cars/1-3/thembe.jpg",
            "gallary" : [
                "assets/cars/1-3/1.jpg",
                "assets/cars/1-3/2.jpg",
                "assets/cars/1-3/3.jpg",
                "assets/cars/1-3/4.jpg"
            ],
            "location" : {
                "lat" : 56.89,
                "lng" : 98.09
            },
            "price" : 5478,
            "unit" : "USD",
            "amount" : 45,
            "comment" : "This it example cars. it will be car detail data on dummy. ok great!!"
        },
        {
            "id" : 4,
            "name" : "Mercedes Maybach",
            "model" : "Luxury",
            "color" : "dark blue",
            "thembnail" : "assets/cars/1-4/thembe.jpg",
            "gallary" : [
                "assets/cars/1-4/1.jpg",
                "assets/cars/1-4/2.jpg",
                "assets/cars/1-4/3.jpg",
                "assets/cars/1-4/4.jpg"
            ],
            "location" : {
                "lat" : 90.7,
                "lng" : 79.98
            },
            "price" : 12000,
            "unit" : "USD",
            "amount" : 8,
            "comment" : "This it example cars. it will be car detail data on dummy. ok great!!"
        },
        {
            "id" : 5,
            "name" : "BMW7 series",
            "model" : "Luxury",
            "color" : "black",
            "thembnail" : "assets/cars/1-5/thembe.jpg",
            "gallary" : [
                "assets/cars/1-5/1.jpg",
                "assets/cars/1-5/2.jpg",
                "assets/cars/1-5/3.jpg",
                "assets/cars/1-5/4.jpg"
            ],
            "location" : {
                "lat" : 120.78,
                "lng" : 35.16
            },
            "price" : 8900,
            "unit" : "USD",
            "amount" : 28,
            "comment" : "This it example cars. it will be car detail data on dummy. ok great!!"
        },
        {
            "id" : 6,
            "name" : "Aston martin",
            "model" : "Luxury",
            "color" : "white",
            "thembnail" : "assets/cars/2-1/thembe.jpg",
            "gallary" : [
                "assets/cars/2-1/1.jpg",
                "assets/cars/2-1/2.jpg",
                "assets/cars/2-1/3.jpg",
                "assets/cars/2-1/4.jpg"
            ],
            "location" : {
                "lat" : 160.3,
                "lng" : 45.6
            },
            "price" : 13250,
            "unit" : "USD",
            "amount" : 20,
            "comment" : "This it example cars. it will be car detail data on dummy. ok great!!"
        },
        {
            "id" : 7,
            "name" : "lamborghni",
            "model" : "Super cars",
            "color" : "white",
            "thembnail" : "assets/cars/2-2/thembe.jpg",
            "gallary" : [
                "assets/cars/2-2/1.jpg",
                "assets/cars/2-2/2.jpg",
                "assets/cars/2-2/3.jpg",
                "assets/cars/2-2/4.jpg",
                "assets/cars/2-2/5.jpg",
                "assets/cars/2-2/6.jpg"
            ],
            "location" : {
                "lat" : 174.88,
                "lng" : 85.46
            },
            "price" : 17000,
            "unit" : "USD",
            "amount" : 150,
            "comment" : "This it example cars. it will be car detail data on dummy. ok great!!"
        },
        {
            "id" : 8,
            "name" : "Ferrari",
            "model" : "Super cars",
            "color" : "dark-gray",
            "thembnail" : "assets/cars/2-3/thembe.jpg",
            "gallary" : [
                "assets/cars/2-3/1.jpg",
                "assets/cars/2-3/2.jpg",
                "assets/cars/2-3/3.jpg",
                "assets/cars/2-3/4.jpg",
                "assets/cars/2-3/5.jpg"
            ],
            "location" : {
                "lat" : 234.88,
                "lng" : 46.46
            },
            "price" : 15333,
            "unit" : "USD",
            "amount" : 40,
            "comment" : "This it example cars. it will be car detail data on dummy. ok great!!"
        },
        {
            "id" : 9,
            "name" : "lamborghni",
            "model" : "Super cars",
            "color" : "white",
            "thembnail" : "assets/cars/2-4/thembe.jpg",
            "gallary" : [
                "assets/cars/2-4/1.jpg",
                "assets/cars/2-4/2.jpg",
                "assets/cars/2-4/3.jpg",
                "assets/cars/2-4/4.jpg"
            ],
            "location" : {
                "lat" : 274.43,
                "lng" : 120.48
            },
            "price" : 20000,
            "unit" : "USD",
            "amount" : 20,
            "comment" : "This it example cars. it will be car detail data on dummy. ok great!!"
        },
        {
            "id" : 10,
            "name" : "Mclaren",
            "model" : "Super cars",
            "color" : "black",
            "thembnail" : "assets/cars/3-1/thembe.jpg",
            "gallary" : [
                "assets/cars/3-1/1.jpg",
                "assets/cars/3-1/2.jpg",
                "assets/cars/3-1/3.jpg",
                "assets/cars/3-1/4.jpg",
                "assets/cars/3-1/5.jpg",
                "assets/cars/3-1/6.jpg"
            ],
            "location" : {
                "lat" : 239.43,
                "lng" : 190.77
            },
            "price" : 16400,
            "unit" : "USD",
            "amount" : 32,
            "comment" : "This it example cars. it will be car detail data on dummy. ok great!!"
        },
        {
            "id" : 11,
            "name" : "Nissan GTR",
            "model" : "Super cars",
            "color" : "dark-blue",
            "thembnail" : "assets/cars/3-2/thembe.jpg",
            "gallary" : [
                "assets/cars/3-2/1.jpg",
                "assets/cars/3-2/2.jpg",
                "assets/cars/3-2/3.jpg",
                "assets/cars/3-2/4.jpg"
            ],
            "location" : {
                "lat" : 39.43,
                "lng" : 64.77
            },
            "price" : 28900,
            "unit" : "USD",
            "amount" : 10,
            "comment" : "This it example cars. it will be car detail data on dummy. ok great!!"
        },
        {
            "id" : 12,
            "name" : "BMW x5",
            "model" : "4X4 cars",
            "color" : "black",
            "thembnail" : "assets/cars/3-3/thembe.jpg",
            "gallary" : [
                "assets/cars/3-3/1.jpg",
                "assets/cars/3-3/2.jpg",
                "assets/cars/3-3/3.jpg",
                "assets/cars/3-3/4.jpg"
            ],
            "location" : {
                "lat" : 46.83,
                "lng" : 139.77
            },
            "price" : 12070,
            "unit" : "USD",
            "amount" : 30,
            "comment" : "This it example cars. it will be car detail data on dummy. ok great!!"
        },
        {
            "id" : 13,
            "name" : "Range rover vogue",
            "model" : "4X4 cars",
            "color" : "white",
            "thembnail" : "assets/cars/3-4/thembe.jpg",
            "gallary" : [
                "assets/cars/3-4/1.jpg",
                "assets/cars/3-4/2.jpg",
                "assets/cars/3-4/3.jpg",
                "assets/cars/3-4/4.jpg"
            ],
            "location" : {
                "lat" : 146.23,
                "lng" : 189.345
            },
            "price" : 14000,
            "unit" : "USD",
            "amount" : 76,
            "comment" : "This it example cars. it will be car detail data on dummy. ok great!!"
        },
        {
            "id" : 14,
            "name" : "Mercades G Wagon",
            "model" : "4X4 cars",
            "color" : "white",
            "thembnail" : "assets/cars/4-1/thembe.jpg",
            "gallary" : [
                "assets/cars/4-1/1.jpg",
                "assets/cars/4-1/2.jpg",
                "assets/cars/4-1/3.jpg",
                "assets/cars/4-1/4.jpg"
            ],
            "location" : {
                "lat" : 240.23,
                "lng" : 49.345
            },
            "price" : 13600,
            "unit" : "USD",
            "amount" : 55,
            "comment" : "This it example cars. it will be car detail data on dummy. ok great!!"
        },
        {
            "id" : 15,
            "name" : "Audi Q7",
            "model" : "4X4 cars",
            "color" : "gold",
            "thembnail" : "assets/cars/4-2/thembe.jpg",
            "gallary" : [
                "assets/cars/4-2/1.jpg",
                "assets/cars/4-2/2.jpg",
                "assets/cars/4-2/3.jpg",
                "assets/cars/4-2/4.jpg"
            ],
            "location" : {
                "lat" : 219.253,
                "lng" : 76.44
            },
            "price" : 11900,
            "unit" : "USD",
            "amount" : 40,
            "comment" : "This it example cars. it will be car detail data on dummy. ok great!!"
        },
        {
            "id" : 16,
            "name" : "Jaguar xf",
            "model" : "Saloon cars",
            "color" : "gold",
            "thembnail" : "assets/cars/4-3/thembe.jpg",
            "gallary" : [
                "assets/cars/4-3/1.jpg",
                "assets/cars/4-3/2.jpg",
                "assets/cars/4-3/3.jpg",
                "assets/cars/4-3/4.jpg"
            ],
            "location" : {
                "lat" : 56.253,
                "lng" : 135.44
            },
            "price" : 16700,
            "unit" : "USD",
            "amount" : 26,
            "comment" : "This it example cars. it will be car detail data on dummy. ok great!!"
        },
        {
            "id" : 17,
            "name" : "Audi a7",
            "model" : "Saloon cars",
            "color" : "white",
            "thembnail" : "assets/cars/4-4/thembe.jpg",
            "gallary" : [
                "assets/cars/4-4/1.jpg",
                "assets/cars/4-4/2.jpg",
                "assets/cars/4-4/3.jpg",
                "assets/cars/4-4/4.jpg"
            ],
            "location" : {
                "lat" : 99.45,
                "lng" : 78.905
            },
            "price" : 25700,
            "unit" : "USD",
            "amount" : 38,
            "comment" : "This it example cars. it will be car detail data on dummy. ok great!!"
        }
    ],
    "models" : [
        {
            "id" : 1,
            "name" : "Luxury"
        },
        {
            "id" : 2,
            "name" : "Super cars"
        },
        {
            "id" : 3,
            "name" : "4X4 cars"
        },
        {
            "id" : 4,
            "name" : "Saloon cars"
        }
    ]    
}